brand,model,price,rating_num,ram_gb,harddisk_gb,screen_size,spec_score,cp_score
lenovo,T450,139.98,5,16,256,14,2.4499999999999997,0.017503
asus,null,135.49,4.5,4,128,14,1.95,0.014392
latitude,Latitude E6410,111.05,3.4,8,128,14,1.585,0.014273
hp,Elitebook 840 G3,159.99,4,8,256,14,1.9,0.011876
lenovo,"Lenovo 14"" Laptop",181.99,4.2,4,256,14,1.905,0.010468
latitude,E7440,133.55,2.7,8,256,14,1.38,0.010333
dell,E7440,188,3.9,8,256,14,1.8599999999999999,0.009894
lenovo,Lenovo Ideapad 3,185.95,4.1,4,128,15.6,1.7899999999999998,0.009626
lenovo,Thinkpad T480,219,4.1,16,256,14,2.09,0.009543
quality refurbished computers,E6520,222.88,3.4,8,1024,15.6,2.11,0.009467
lenovo,L14,191.87,4,4,128,14,1.75,0.009121
hp,EliteBook Folio,252.98,5,4,256,14,2.225,0.008795
dell,Dell Latitude 3420,285.98,4.6,16,512,14,2.4399999999999995,0.008532
onn,null,203,3.9,4,128,13.3,1.71,0.008424
asus,Chromebook C425 Clamshell,225.82,4.3,4,128,14,1.8699999999999999,0.008281
hp,1A1L3UA,269,3.8,4,1024,15.6,2.195,0.00816
acer,A115-32-C96U,229.99,4.3,4,128,15.6,1.8699999999999999,0.008131
lenovo,AMD Athlon,248,4.6,4,128,14,1.9899999999999998,0.008024
lenovo,ThinkPad T470,295.97,5,8,256,14,2.3,0.007771
lenovo,81F5018EUS,247.49,4.4,4,128,15.6,1.9100000000000001,0.007717
dell,Dell Latitude 14 5000 E5470,339,5,16,512,14,2.5999999999999996,0.00767
dell,Dell Latitude 7480 Laptop,219,3.4,8,256,14,1.66,0.00758
hp,B09HSNNCQL,288,5,4,128,15.6,2.1500000000000004,0.007465
lenovo,Lenovo Ideapad,299.99,5,4,256,15.6,2.225,0.007417
hp,HP ProBook,245,4.1,4,128,11.6,1.7899999999999998,0.007306
lenovo,20GB000LUS,224.99,3.5,8,128,11.6,1.625,0.007223
lenovo,IdeaPad 3,281.69,4.5,8,128,14,2.025,0.007189
hp,ELITEBOOK 820G3,307.98,4,16,512,12.5,2.2,0.007143
lenovo,null,315,5,8,128,14,2.225,0.007063
hp,Notebook,379.99,4.4,16,1024,14,2.66,0.007
acer,A315-24P-R7VH,299.99,4.5,8,128,15.6,2.025,0.00675
hp,"HP 14"" Chromebook",265.99,3.9,8,128,14,1.785,0.006711
asus,ASUS Chromebook C425,284.92,4.3,4,128,14,1.8699999999999999,0.006563
lenovo,null,311.6,3.6,16,512,14,2.04,0.006547
hp,HP,379,4.3,8,1024,14,2.4699999999999998,0.006517
acer,A515-56-347N,299.99,4.3,8,128,15.6,1.9449999999999998,0.006484
lenovo,IdeaPad 3 15ITL6,349.99,5,4,256,15.6,2.225,0.006357
hp,HP Laptop 15-ef2024nr,337.96,4.5,8,256,15,2.1,0.006214
hp,Pavilion,313,4.3,8,128,14,1.9449999999999998,0.006214
dell,5310,425,5,16,512,14,2.5999999999999996,0.006118
lenovo,Lenovo IdeaPad 1,310.19,4.3,4,128,14,1.8699999999999999,0.006029
hp,TPN-I139_320M3AV,510,4.6,32,1024,17.3,3.04,0.005961
hp,Laptop 15-ef0021nr,346.9,4.4,8,256,15.6,2.06,0.005938
dell,Dell Latitude,350,4,8,512,14,2.05,0.005857
hp,HP,465,4.5,16,1024,15.6,2.7,0.005806
dell,Inspiron,439,4.1,16,1024,15.6,2.54,0.005786
asus,Vivobook,357.5,4.4,8,256,14,2.06,0.005762
lenovo,Thinkpad,286,3.7,4,128,11.6,1.6300000000000001,0.005699
lenovo,IdeaPad 3 15IML05,324.86,2.9,4,1024,15.6,1.835,0.005649
hp,HP Notebook,316.99,3.9,8,128,15.6,1.785,0.005631
asus,ASUS VivoBook,319,4.1,4,128,15.6,1.7899999999999998,0.005611
latitude,Latitude,289.95,3.5,8,128,13.3,1.625,0.005604
asus,ASUS Laptop L410,319.99,4.1,4,128,14,1.7899999999999998,0.005594
hp,HP 15 scarlet red,469,4.3,16,1024,15.6,2.62,0.005586
hp,17-by4013dx,378,4.5,8,256,15.6,2.1,0.005556
dell,Dell Latitude,399,4,16,512,14,2.2,0.005514
hp,hp laptop,473,4.2,16,1024,15.6,2.58,0.005455
samsung,Galaxy Book Go,345,4.3,4,128,14,1.8699999999999999,0.00542
lenovo,Lenovo Thinkpad,284.97,3.1,8,256,14,1.54,0.005404
dell,Latitude 5000,361.65,4.5,4,128,14,1.95,0.005392
hp,HP Notebook 15-dy1731ms,377,4.5,8,128,15.6,2.025,0.005371
hp,Pavilion,428.45,5,8,256,14,2.3,0.005368
asus,VivoBook 15,379,4.5,8,128,15.6,2.025,0.005343
dell,Inspiron,548,4.3,32,1024,15.6,2.92,0.005328
acer,Aspire 5,367.29,4.5,4,128,15.6,1.95,0.005309
acer,null,405.98,5,4,128,14,2.1500000000000004,0.005296
hp,HP Pavilion,369,4.5,4,128,11.6,1.95,0.005285
lenovo,Lenovo Ideapad,400,4.5,8,256,15.6,2.1,0.00525
acer,CP314-1H-P1Q5,372.66,4.3,8,128,14,1.9449999999999998,0.005219
lenovo,Lenovo_i3_8GB_Red,458.8,4.1,8,1024,15.6,2.3899999999999997,0.005209
lenovo,IdeaPad 3 15ITL05,389,4.3,8,256,15.6,2.02,0.005193
acer,null,415.98,5,4,128,15.6,2.1500000000000004,0.005169
asus,Vi F5,370.23,4.2,8,128,15.6,1.905,0.005145
lenovo,"IdeaPad 3 15""",395,4.5,4,256,15.6,2.025,0.005127
lenovo,Lenovo ThinkPad,419,4.6,8,256,14,2.1399999999999997,0.005107
asus,ASUS VivoBook Go 14,432.99,5,4,128,14,2.1500000000000004,0.004965
dell,Rugged 5414,415,4.4,8,256,14.1,2.06,0.004964
hp,HP 14 laptop,328.58,3.7,4,128,14,1.6300000000000001,0.004961
hp,Hp envy x360 13,399.99,4.3,8,128,13.3,1.9449999999999998,0.004863
acer,Acer Aspire 3,450,4.3,8,512,15.6,2.17,0.004822
lenovo,ideapad3i-14-i5,443,4.2,8,512,14,2.13,0.004808
hp,15-dy2035tg,423.99,4.3,8,256,15.6,2.02,0.004764
acer,A3SP14-31PT-37NV,426.64,4.5,8,128,14,2.025,0.004746
acer,null,419.98,4.6,4,128,14,1.9899999999999998,0.004738
lenovo,Lenovo Ideapad,360,3.7,4,256,15.6,1.705,0.004736
acer,AV14-51-58XZ,532.49,4.8,16,512,14,2.5199999999999996,0.004732
acer,CB317-1H-C6RK,328.67,3.5,4,128,17.3,1.55,0.004716
hp,EliteBook 845 G8,519.99,5,16,256,14,2.4499999999999997,0.004712
lenovo,Ideapad,429,4.3,8,256,15.6,2.02,0.004709
hp,Pavilion,439,4.4,8,256,15.6,2.06,0.004692
dell,i3493-3464BLK-PUS,399,4.3,4,128,14,1.8699999999999999,0.004687
dell,Inspiron,689.65,5,32,1024,15.6,3.2,0.00464
hp,"HP 17.3""",557,4.2,16,1024,17.3,2.58,0.004632
asus,Vivobook 15 F512DA,419.99,4.3,8,128,15.6,1.9449999999999998,0.004631
lenovo,82XQ001GUS,499,5,8,256,15.6,2.3,0.004609
lenovo,ThinkPad E570,369.95,3.5,8,256,15.6,1.7,0.004595
hp,null,553,4.1,16,1024,15.6,2.54,0.004593
acer,Aspire,449,4.4,8,256,15.6,2.06,0.004588
lenovo,130-15AST,399.99,4.2,4,128,15.6,1.83,0.004575
lenovo,T460,449,4,8,512,14,2.05,0.004566
asus,X555QA-CBA12A,399.99,4,8,128,15.6,1.825,0.004563
dell,Latitude 7420,544,5,16,256,14,2.4499999999999997,0.004504
hp,6M0Z7UA#ABA,520,4.3,16,512,15.6,2.32,0.004462
dell,Inspiron,993.23,5,64,2048,14,4.4,0.00443
dell,Inspiron,993.23,5,64,2048,14,4.4,0.00443
dell,3593,508.99,4.5,16,256,15.6,2.25,0.004421
hp,HP Envy,587.99,4.6,8,1024,14,2.59,0.004405
hp,i5 12th Gen 15-dy5399nr,527.15,4.3,16,512,15.6,2.32,0.004401
hp,HP,439,4.4,4,128,14,1.9100000000000001,0.004351
acer,Acer Chromebook 715,429.99,4.3,4,128,15.6,1.8699999999999999,0.004349
lenovo,ThinkPad,374.99,3.3,8,256,14,1.6199999999999999,0.00432
hp,null,504,4.3,8,512,15.6,2.17,0.004306
dell,Dell Inspiron 15 3525,1021.99,5,64,2048,15.6,4.4,0.004305
panasonic,Panasonic Toughbook,599.99,4.2,16,1024,13.1,2.58,0.0043
asus,Vivobook 14,479.99,4.4,8,256,14,2.06,0.004292
hp,Pavilion X360,499.99,4.6,8,256,14,2.1399999999999997,0.00428
asus,ASUS VivoBook,446.98,4.4,4,128,14,1.9100000000000001,0.004273
lenovo,Lenovo ThinkPad,499,4.2,8,512,14,2.13,0.004269
hp,HP ENVY,685,4.3,32,1024,15,2.92,0.004263
acer,null,429.98,4.2,4,128,15.6,1.83,0.004256
dell,Latitude 5430,499.99,3.8,16,512,14,2.12,0.00424
hp,AMD Ryzen 5,457.64,4.1,8,256,15.6,1.9399999999999997,0.004239
dell,Dell Latitude,545,5,8,256,13.3,2.3,0.00422
acer,Aspire 5,488.94,4.4,8,256,15.6,2.06,0.004213
dell,Dell Inspiron 15 3525 Laptop,971.04,4.1,64,2048,15.6,4.04,0.00416
dell,Dell Inspiron 15 Laptop,971.04,4.1,64,2048,15.6,4.04,0.00416
msi,Modern 14 B11MOU-1024,589.99,5,8,512,14,2.4499999999999997,0.004153
msi,Modern 14 B11MOU-1212,535.88,5,8,128,14,2.225,0.004152
lenovo,IdeaPad Flex 5i Chromebook,479,4.4,8,128,13.3,1.985,0.004144
acer,null,519,4.6,8,256,15.6,2.1399999999999997,0.004123
asus,VivoBook 16,561,4.6,8,512,16,2.2899999999999996,0.004082
dell,Inspiron 15 3530,1000,4.2,64,2048,15.6,4.08,0.00408
hp,HP Pavilion,514.99,4.5,8,256,14,2.1,0.004078
lenovo,Lenovo Flex 5 2 in 1,468,4.2,4,256,14,1.905,0.004071
lenovo,null,419,3.7,8,128,12.5,1.705,0.004069
asus,TP470EA-AS34T,460.48,4.3,4,128,14,1.8699999999999999,0.004061
acer,Nitro 5,1086.16,5,64,2048,15.6,4.4,0.004051
lenovo,81WE00EPUS,545,4.7,8,256,15.6,2.18,0.004
acer,A515-44-R41B,528.18,4.5,8,256,15.6,2.1,0.003976
asus,VivoBook 15.6,460,3.8,8,256,15.6,1.8199999999999998,0.003957
lenovo,Flex 5,539.99,4.2,16,256,14,2.1300000000000003,0.003945
dell,Latitude,1125,5,64,2048,15.6,4.4,0.003911
lenovo,Lenovo Ideapad,559.41,4.7,8,256,15.6,2.18,0.003897
microsoft,Surface Laptop Go 2,529,4.4,8,256,12.45,2.06,0.003894
lenovo,Lenovo 15.6,499,4.1,8,256,15.6,1.9399999999999997,0.003888
lenovo,"Lenovo 14"" Laptop",535.99,3.7,16,512,14,2.08,0.003881
hp,HP Pavilion,732,4.1,32,1024,15.6,2.84,0.00388
hp,HP 255 G5,429.99,3.6,8,128,15.6,1.665,0.003872
asus,Vivobook 15X,749.99,5,16,1024,15.6,2.9,0.003867
lenovo,null,587.55,3.8,8,1024,15.6,2.27,0.003864
dell,Inspiron 14 5425,542.95,4.1,8,512,14,2.09,0.003849
hp,Laptop,589,4.9,8,256,17,2.2600000000000002,0.003837
asus,Vivobook 15X,619.99,4.8,8,512,15.6,2.3699999999999997,0.003823
dell,Inspiron,649,4.7,16,512,15.6,2.48,0.003821
lenovo,IdeaPad,499.99,4.2,8,128,15.6,1.905,0.00381
hp,Pavilion,639.99,4.9,8,512,17.3,2.41,0.003766
dell,Inspiron,602,3.4,32,512,15.6,2.26,0.003754
acer,null,511.92,4,8,256,15.6,1.9,0.003712
asus,ASUS VivoBook 15,548,4.5,8,128,15.6,2.025,0.003695
hp,Pavilion x360,570,4.5,8,256,14,2.1,0.003684
dell,Dell Latitude 5520,1038.28,5,32,2048,15.6,3.8,0.00366
dell,Latitude 5420,988.99,4.5,64,1024,14,3.6,0.00364
hp,HP Laptop 17-cn0025nr,576.99,4.5,8,256,17.3,2.1,0.00364
msi,Modern 15 B7M-223US,799,5,16,1024,15.6,2.9,0.00363
dell,Inspiron,947.06,4,64,1024,14,3.4,0.00359
asus,VivoBook S15,606.15,4.3,8,512,15.6,2.17,0.00358
panasonic,Panasonic Toughbook,655.96,3.6,16,1024,14,2.3400000000000003,0.003567
msi,GF63 Thin,600.51,4.6,8,256,15.6,2.1399999999999997,0.003564
lenovo,Lenovo ideapad Flex 5,622.04,4.4,16,256,14,2.21,0.003553
panasonic,CF-53 MK4,658.94,3.6,16,1024,14,2.3400000000000003,0.003551
dell,Inspiron,649.99,3.5,16,1024,15.6,2.3000000000000003,0.003539
lenovo,Ideapad 3i,637.35,4.5,8,512,15.6,2.25,0.00353
hp,HP Pavilion x360,586.14,4.4,8,256,14,2.06,0.003515
hp,HP Pavilion x360,608,4.2,8,512,14,2.13,0.003503
asus,Vivobook 15,699.99,5,8,512,15.6,2.4499999999999997,0.0035
lenovo,null,689.99,4.5,16,512,14,2.4,0.003478
dell,Vostro 3510,751.06,5,16,512,15.6,2.5999999999999996,0.003462
lenovo,Lenovo Ideapad,550,4,8,256,15.6,1.9,0.003455
msi,Modern 14 C13M-621US,839.99,5,16,1024,14,2.9,0.003452
acer,null,493.49,3.5,8,256,17.3,1.7,0.003445
dell,Dell Latitude,529.95,4,8,128,14,1.825,0.003444
hp,15-eh2085cl,675,4.3,16,512,15.6,2.32,0.003437
lenovo,Lenovo Thinkpad,422,2.5,16,256,15.6,1.45,0.003436
asus,VivoBook S15,718.46,5,8,512,15.6,2.4499999999999997,0.00341
lenovo,Flex 15,659.9,4.5,8,512,15.6,2.25,0.00341
dell,Inspiron,880.62,4.5,32,1024,14,3,0.003407
dell,Latitude 5530,939.99,5,32,1024,15.6,3.2,0.003404
hp,null,709.99,4.5,16,512,15.6,2.4,0.00338
dell,Dell Inspiron,745.99,4.4,32,256,15.6,2.5100000000000002,0.003365
lenovo,Lenovo Ideapad,599,3.9,8,512,15.6,2.01,0.003356
asus,TAICHI21,462,3.5,4,128,11.6,1.55,0.003355
dell,Dell Latitude 5520,1037.99,4.2,32,2048,15.6,3.4800000000000004,0.003353
lenovo,null,849,4.8,16,1024,16,2.82,0.003322
microsoft,Surface Pro,624.99,4.4,8,256,12.3,2.06,0.003296
dell,Dell Inspiron 14 5000 5406,699,5,8,256,14,2.3,0.00329
hp,null,791.79,5,16,512,14,2.5999999999999996,0.003284
lenovo,Lenovo Thinkpad,469.99,3.1,8,256,12.5,1.54,0.003277
dell,Latitude 7410 Laptop,749.99,5,16,256,14,2.4499999999999997,0.003267
lenovo,IdeaPad Slim 7 Pro 14IHU5,711.99,4.3,16,512,14,2.32,0.003258
dell,Inspiron 5425 Laptop,800.19,5,16,512,14,2.5999999999999996,0.003249
acer,A514-55-545G,668.55,4.3,8,512,14,2.17,0.003246
dell,null,725,4,8,1024,15.6,2.35,0.003241
apple,MacBook Air,689.99,4.8,8,256,13.3,2.2199999999999998,0.003217
asus,FX506HF-ES51,699.99,4.5,8,512,15.6,2.25,0.003214
lenovo,ThinkPad E590,749.95,4.5,16,512,15.6,2.4,0.0032
dell,null,877.99,4,32,1024,14,2.8000000000000003,0.003189
dell,Latitude 3000,727.53,5,8,256,15.6,2.3,0.003161
dell,Dell Latitude,729,5,8,256,13.3,2.3,0.003155
acer,A517-52-75N6,699.99,4,16,512,17.3,2.2,0.003143
dell,Dell Latitude 9420,779.62,5,16,256,14,2.4499999999999997,0.003143
dell,Latitude,1085.99,4,64,1024,15.6,3.4,0.003131
dell,Latitude 5320 Laptop,740.98,5,8,256,13.3,2.3,0.003104
acer,CB514-1WT-33MW,719,5,8,128,14,2.225,0.003095
lenovo,Lenovo ThinkPad T14 Gen 3 AMD,1131.06,5,16,2048,14,3.5,0.003094
dell,Latitude,841.99,5,16,512,14,2.5999999999999996,0.003088
samsung,Galaxy Chromebook,643,4.2,8,256,13.3,1.98,0.003079
lenovo,null,689,3.8,16,512,14,2.12,0.003077
dell,Latitude,949,4.3,32,1024,15.6,2.92,0.003077
dell,Latitude,748.47,5,8,256,15.6,2.3,0.003073
msi,MSI GF63,729.99,4.1,16,512,15.6,2.2399999999999998,0.003069
lenovo,Lenovo 17.3 L,686.9,4.7,8,128,17.3,2.1050000000000004,0.003064
acer,Swift Go 14,762.19,4.3,16,512,14,2.32,0.003044
hp,HP ProBook,719.99,4.7,8,256,15.6,2.18,0.003028
dell,Latitude 5420,1419.92,4.7,64,2048,14,4.28,0.003014
dell,Dell Latitude 7000 E7470,524,2.8,16,256,14,1.5699999999999998,0.002996
asus,Vivobook 14X,819.99,5,8,512,14,2.4499999999999997,0.002988
asus,Vivobook S 16 Flip,699.99,4.1,8,512,16,2.09,0.002986
lenovo,Lenovo Ideapad,599.99,3.9,8,128,15.6,1.785,0.002975
dell,Latitude,873.93,5,16,512,15.6,2.5999999999999996,0.002975
dell,Dell Inspiron,598.99,3.7,8,256,13.3,1.78,0.002972
asus,ASUS VivoBook 15,772.2,4.6,8,512,15.6,2.2899999999999996,0.002966
dell,Latitude 3410,600.49,3.7,8,256,14,1.78,0.002964
dell,Latitude 7420 Laptop,879.84,5,16,512,14,2.5999999999999996,0.002955
dell,null,799,4,8,1024,15.6,2.35,0.002941
apple,MacBook Pro 13-inch,689.95,4.5,8,128,13.3,2.025,0.002935
gigabyte,G5 GD-51US123SH,698.25,3.6,16,512,15.6,2.04,0.002922
dell,N8P7J,890.77,5,16,512,15.6,2.5999999999999996,0.002919
lenovo,IdeaPad 5 14ITL05,699.99,3.6,16,512,14,2.04,0.002914
dell,Latitude,691.53,3.9,16,256,14,2.0100000000000002,0.002907
acer,AN515-58-57Y8,814.77,4.4,16,512,15.6,2.36,0.002897
asus,ASUS VivoBook S 15,848.88,5,8,512,15.6,2.4499999999999997,0.002886
asus,VivoBook S15,901.56,5,16,512,15.6,2.5999999999999996,0.002884
acer,Acer Aspire,659.98,4,8,256,15.6,1.9,0.002879
dell,Latitude,885.99,4.5,8,1024,15.6,2.55,0.002878
hp,HP Envy,849.49,4.6,16,512,15.6,2.4399999999999995,0.002872
asus,ASUS TUF Gaming F1,783.95,4.5,8,512,17.3,2.25,0.00287
acer,Nitro 5,1259,4.5,32,2048,17.3,3.5999999999999996,0.002859
asus,ZenBook Flip 13,769.99,4,16,512,13.3,2.2,0.002857
lenovo,Lenovo Yoga 7i,682,4.1,8,256,16,1.9399999999999997,0.002845
lenovo,Yoga 710,699.99,4.2,8,256,15.6,1.98,0.002829
microsoft,Laptop 4 15 R7se/8GB/512GB Platinum,858.98,4.9,8,512,15,2.41,0.002806
hp,HP Victus,699,3.4,16,512,15.6,1.9600000000000002,0.002804
dell,Latitude 5000,876.02,5,16,256,14,2.4499999999999997,0.002797
lenovo,C470-14,739.99,4.4,8,256,14,2.06,0.002784
lenovo,ThinkPad W540,599.95,3.4,8,256,15.6,1.66,0.002767
dell,Vostro 3520 Laptop,943.69,5,16,512,15.6,2.5999999999999996,0.002755
lenovo,Lenovo Thinkpad,616.99,3.5,8,256,14,1.7,0.002755
dell,Latitude 7320 Detachable 2-in-1,750.74,4.6,8,128,13,2.065,0.002751
gigabyte,U4 UD-50US823SO,700.43,3.3,16,512,14,1.9200000000000002,0.002741
hp,HP Pavilion,729.99,2,32,1024,17.3,2,0.00274
hp,3N8P1UT#ABA,899,5,16,256,15.6,2.4499999999999997,0.002725
lenovo,Lenovo ThinkPad X1 Yoga I5,844.65,5,8,256,14,2.3,0.002723
dell,Dell Inspiron 15 3520,809,4,16,512,15.6,2.2,0.002719
lenovo,ThinkPad L480,699.99,4,8,256,14,1.9,0.002714
acer,Swift Go 14,799.99,4.3,8,512,14,2.17,0.002713
hp,HP Pavilion,849.99,5,8,256,15.6,2.3,0.002706
acer,Acer Swift X Laptop,999,4.5,16,1024,14,2.7,0.002703
dell,Dell Latitude 5520,1038.28,4,32,1024,15.6,2.8000000000000003,0.002697
acer,Acer Swift,599.99,2.9,8,512,14,1.6099999999999999,0.002683
asus,ASUS VivoBook 17X,743.66,3.8,8,512,17.3,1.97,0.002649
dell,Inspiron,888.99,3.6,16,1024,15.6,2.3400000000000003,0.002632
lenovo,e15,799,4.5,8,256,13,2.1,0.002628
apple,MacBook,779.95,4,8,512,12,2.05,0.002628
asus,ROG Strix G15,1044.77,4.6,16,1024,15.6,2.7399999999999998,0.002623
dell,Latitude 7330 Laptop,994.79,5,16,512,13.3,2.5999999999999996,0.002614
hp,HP Envy,815,4.2,8,512,13.3,2.13,0.002613
dell,Vostro,1381.99,3,64,2048,14,3.6000000000000005,0.002605
panasonic,CF-54,700,3.8,8,256,14,1.8199999999999998,0.0026
dell,XPS 9350,699.99,3.8,8,256,13.3,1.8199999999999998,0.0026
acer,SFX14-51G-71Y1,886.37,4.2,16,512,14,2.2800000000000002,0.002572
lenovo,Lenovo Thinkpad,895.3,5,8,256,14,2.3,0.002569
dell,XPS 9305 Laptop,798.94,4,8,512,13.3,2.05,0.002566
dell,Latitude,1481.86,5,32,2048,15.6,3.8,0.002564
msi,Thin GF63 12VE-066US,938,4.5,16,512,15.6,2.4,0.002559
dell,Latitude 3000,899,5,8,256,14,2.3,0.002558
microsoft,Laptop 4 13 i5/8GB/512GB ICE BLUE,865,4.4,8,512,13.5,2.21,0.002555
asus,VivoBook S15,933.45,3.7,16,1024,15.6,2.3800000000000003,0.00255
panasonic,CF-54,799.99,3.6,16,512,14,2.04,0.00255
dell,Dell Inspiron,919.99,3.6,16,1024,15.6,2.3400000000000003,0.002544
dell,Dell 5000,708.99,3,16,512,16,1.8000000000000003,0.002539
lenovo,ThinkPad X13 Yoga Gen 2,869.99,4,16,512,12.3,2.2,0.002529
dell,Dell Precision,1101.49,4.7,16,1024,13.4,2.7800000000000002,0.002524
dell,Dell Precision,1101.34,4.7,16,1024,13.4,2.7800000000000002,0.002524
dell,Inspiron 15 5000,899.81,3.8,8,1024,15.6,2.27,0.002523
dell,Latitude 7320 Detachable 2-in-1,1031.79,5,16,512,13,2.5999999999999996,0.00252
lenovo,IdeaPad Gaming 3,801.96,4.3,8,256,15.6,2.02,0.002519
acer,null,714.99,3,16,512,15.6,1.8000000000000003,0.002518
lenovo,Lenovo Ideapad,599,3,8,256,15.6,1.5,0.002504
asus,ASUS Rog Strix,979,5,8,512,15.6,2.4499999999999997,0.002503
lg,16Z90Q-K.AAS6U1,900.9,4.1,16,512,16,2.2399999999999998,0.002486
microsoft,Surface Laptop,799,4.2,8,256,15,1.98,0.002478
microsoft,Surface Laptop Go 2,689.99,3.5,8,256,12.4,1.7,0.002464
hp,Pavilion,1299,5,32,1024,15,3.2,0.002463
dell,Dell Inspiron,660,3.3,8,256,15.6,1.6199999999999999,0.002455
lenovo,20VK0019US,849,3.7,16,512,13.3,2.08,0.00245
acer,Chromebook Enterprise Spin 514 CP514-3WH,999.99,5,16,256,14,2.4499999999999997,0.00245
dell,Precision,1799.81,5,64,2048,15.6,4.4,0.002445
dell,Latitude,1436.81,5,16,2048,15.6,3.5,0.002436
acer,A515-57G-58R7,879.99,4.2,8,512,15.6,2.13,0.00242
dell,Inspiron 3515,1012.99,5,8,512,15.6,2.4499999999999997,0.002419
asus,VivoBook S 15,989.99,3.7,16,1024,15.6,2.3800000000000003,0.002404
hp,Intel Core i7,902.98,4.3,8,512,15.6,2.17,0.002403
asus,TUF Dash 15 (2021),940.47,4.5,8,512,15.6,2.25,0.002392
msi,GL66 12UGKV,1808.99,4.8,64,2048,15.6,4.32,0.002388
lenovo,Lenovo Thinkpad,799,4,8,256,15.6,1.9,0.002378
asus,VivoBook S 14X OLED,899.99,4.2,8,512,14.5,2.13,0.002367
toughbook,CF-54 MK1,749.89,3.3,8,512,14,1.77,0.00236
dell,V3500,943.69,4,16,512,15.6,2.2,0.002331
gigabyte,G5 KF-E3US333SH,879.99,4,8,512,15.6,2.05,0.00233
lenovo,"Lenovo Ideapad Gaming 3i 15""",934,4.3,8,512,15.6,2.17,0.002323
asus,TUF Gaming F15,999,4.3,16,512,15.6,2.32,0.002322
toughbook,CF-33 MK1,993.99,5,8,256,12,2.3,0.002314
asus,Vivobook S 14 Flip OLED,1099.99,4.1,16,1024,14,2.54,0.002309
toughbook,CF-20 mk1,999.99,5,8,256,10.1,2.3,0.0023
hp,EliteBook 655 G9,1137.02,5,16,512,15.6,2.5999999999999996,0.002287
asus,VivoBook S15,723.16,3,8,512,15.6,1.6500000000000001,0.002282
lenovo,Yoga C940-14IIL,899,4,8,512,14,2.05,0.00228
asus,TUF Gaming A15,1149,4.3,16,1024,15.6,2.62,0.00228
lenovo,20FN002JUS,750,3.7,4,256,14,1.705,0.002273
apple,MacBook Pro,965.08,4.7,8,256,13.3,2.18,0.002259
dell,Dell Inspiron,877.99,4.2,8,256,15.6,1.98,0.002255
asus,Zenbook 15,1299,4.3,32,1024,15.6,2.92,0.002248
msi,Prestige 13Evo A13M-050US,1299,4.3,32,1024,13.3,2.92,0.002248
hp,HP Envy,999.99,4.1,16,512,15.6,2.2399999999999998,0.00224
dell,Dell Latitude 7214 Rugged Laptop 2 In 1,899.95,3.9,8,512,11.6,2.01,0.002233
gigabyte,AORUS 17 XE4-73US514SH,1119.99,4,16,1024,17,2.5,0.002232
lenovo,ThinkPad X1 Carbon Gen 8,950.77,3.8,16,512,14,2.12,0.00223
dell,Latitude 3000,835.85,3.9,8,256,14,1.8599999999999999,0.002225
hp,Victus by HP 15.6 inch Gaming Laptop PC 15-fa1010nr,1169.99,5,16,512,15.6,2.5999999999999996,0.002222
dell,XPS 13 9320,1305.17,5,16,1024,13.4,2.9,0.002222
acer,Nitro 17,1199.99,4.4,16,1024,17.3,2.66,0.002217
asus,ASUS Chromebook Flip CX3,979.99,3.9,16,512,14,2.16,0.002204
dell,Latitude 5420,1182.71,5,16,512,14,2.5999999999999996,0.002198
microsoft,Surface Laptop,1084.66,4.4,16,512,15,2.36,0.002176
asus,Vivobook Pro 15,1399.99,4.6,32,1024,15.6,3.04,0.002171
asus,Zenbook Pro 17,999.99,4.3,8,512,17.3,2.17,0.00217
microsoft,Surface Laptop 4,1198.99,5,16,512,13.5,2.5999999999999996,0.002168
lenovo,IdeaPad,999,3.9,16,512,14,2.16,0.002162
lg,17Z95P-K.AAB9U1,1515.03,4.4,16,2048,17,3.26,0.002152
lenovo,ThinkBook 14s Yoga G2 IAP,1209,5,16,512,14,2.5999999999999996,0.002151
lenovo,Yoga 3 80JH0025US,699,3,8,256,14,1.5,0.002146
gigabyte,AORUS 15G XC-8US2430SH,1199.99,4.1,32,512,15,2.5399999999999996,0.002117
dell,Latitude 5000,1163.21,3.9,16,1024,13.3,2.46,0.002115
toughbook,CF-20,959,4.5,8,128,10.1,2.025,0.002112
dell,XPS 9315 Laptop,1041.99,4,16,512,13.4,2.2,0.002111
alienware,Alienware 15,999.95,3.4,8,1024,15.6,2.11,0.00211
lenovo,ThinkPad L15 Gen 3,1090.57,5,8,256,15.6,2.3,0.002109
acer,AN16-41-R1WE,1241.46,5,16,512,16,2.5999999999999996,0.002094
lg,16Z90P-K.AAB7U1,999,4.1,16,256,16,2.09,0.002092
asus,UX5304VA-XS76T,1399.99,4.3,32,1024,13.3,2.92,0.002086
asus,TUF Dash 15 (2022),1150.99,4.5,16,512,15.6,2.4,0.002085
dell,Dell XPS,1036.82,3.9,16,512,15.6,2.16,0.002083
dell,XPS 13 (9360),724.81,3.2,8,128,13.3,1.5050000000000001,0.002076
lenovo,null,724,3,8,256,13.3,1.5,0.002072
lenovo,82R70000US,869.99,3,16,512,14,1.8000000000000003,0.002069
asus,VivoBook Pro 15,1259.99,5,16,512,15.6,2.5999999999999996,0.002064
dell,XPS 13 9315,1126.85,2.8,32,1024,13.4,2.32,0.002059
dell,Inspiron,1199,3.9,16,1024,15.6,2.46,0.002052
hp,EliteBook 840,1000,4,16,256,14,2.0500000000000003,0.00205
lenovo,Lenovo thinkpad,1356,4.7,16,1024,14,2.7800000000000002,0.00205
asus,ASUS VivoBook,1199,5,8,512,15.6,2.4499999999999997,0.002043
dell,xps 15 7590,979,3.5,16,512,15.6,2,0.002043
hp,Elite Dragonfly G3,1003.99,4,16,256,13.5,2.0500000000000003,0.002042
dell,KX9W6,1273.99,5,16,512,13.3,2.5999999999999996,0.002041
acer,AN515-58-725A,1199,4.6,16,512,15.6,2.4399999999999995,0.002035
lg,17Z90Q-K.ADB9U1,1734.71,4.3,32,2048,17,3.5199999999999996,0.002029
dell,Dell G15 5520,1129.99,4.2,16,512,15.6,2.2800000000000002,0.002018
acer,SFX16-52G-73U6,1249,4.8,16,512,16,2.5199999999999996,0.002018
xammue,One Netbook T1,1219.99,3.9,16,1024,13,2.46,0.002016
lenovo,Lenovo Thinkpad,883.58,3.7,8,256,14,1.78,0.002015
asus,Asus ZenBook 13,1099,4.4,8,512,13.3,2.21,0.002011
dell,Latitude 7320 Detachable 2-in-1,749.99,3,8,256,13,1.5,0.002
dell,G3 Gaming,989,3.8,8,512,15.6,1.97,0.001992
msi,Prestige 14 EVO A11M-221,1025.01,3.6,16,512,14,2.04,0.00199
dell,G15,1429.99,4.1,32,1024,15.6,2.84,0.001986
dell,Latitude 9000,1029.99,3.6,16,512,14,2.04,0.001981
dell,7404-i5-8-256-1.9-W10P,899.95,3.7,8,256,14,1.78,0.001978
asus,ZenBook 14,1099,4.3,8,512,14,2.17,0.001975
msi,MSI Katana 15,1349.49,4.4,16,1024,15.6,2.66,0.001971
apple,MacBook Pro,1419,4.7,16,1024,16,2.7800000000000002,0.001959
hp,HP Omen,1299,4.1,16,1024,15.6,2.54,0.001955
apple,"2022 Apple MacBook Air M2, 16GB RAM, 256GB Storage - Space Gray (Z15S000CT)",1255.94,5,16,256,13.6,2.4499999999999997,0.001951
dell,Dell Inspiron,1699,4.5,16,2048,17.3,3.3,0.001942
apple,MacBook Air,1144.48,4.8,8,256,15.3,2.2199999999999998,0.00194
lg,15Z90RT-K.ADB9U1,1899,4.7,32,2048,16,3.6799999999999997,0.001938
dell,XPS,899.81,3.6,8,256,13.3,1.74,0.001934
dell,Latitude 5530 Laptop,1349.99,5,16,512,15.6,2.5999999999999996,0.001926
asus,ROG Strix G15,1229.99,4.4,16,512,15.6,2.36,0.001919
dell,Dell XPS 15 7590 Laptop,1399.95,3.7,32,1024,15.6,2.68,0.001914
dell,3540,1099.81,4.5,8,256,15.6,2.1,0.001909
msi,Raider GE76,1997.1,5,32,2048,17.3,3.8,0.001903
samsung,Galaxy Book Pro,1177.42,4.1,16,512,15.6,2.2399999999999998,0.001902
lg,LG gram,999.99,4,8,256,15.6,1.9,0.0019
dell,Latitude,1293.59,5,8,512,15.6,2.4499999999999997,0.001894
shoxlab,M15R5,1479,4,32,1024,15.6,2.8000000000000003,0.001893
samsung,Samsung Galaxy Book Pro,1299,4.6,16,512,15.6,2.4399999999999995,0.001878
dell,G15,1429.99,3.7,32,1024,15.6,2.68,0.001874
alienware,Alienware m15,1199.95,4.1,16,512,15.6,2.2399999999999998,0.001867
asus,ROG Strix G16,1274.03,4.4,16,512,16,2.36,0.001852
acer,SP314-55N-76EX,1079.99,3.5,16,512,14,2,0.001852
acer,TMP414-51-506U,699.8,2.1,8,512,14,1.29,0.001843
hp,16T-F100,1899,5,16,2048,16,3.5,0.001843
asus,VivoBook S15 S532,1199,4.4,8,512,15.6,2.21,0.001843
dell,Dell Latitude,1239.77,4.2,16,512,13.3,2.2800000000000002,0.001839
msi,Raider GE68HX,1743,5,32,1024,16,3.2,0.001836
msi,Katana 15 B13VGK-484US,1429,4.3,16,1024,15.6,2.62,0.001833
asus,ExperBook,1299.99,3.7,16,1024,14,2.3800000000000003,0.001831
lg,17Z95P-K.AAS9U1,1850.52,4.7,16,2048,17,3.38,0.001827
lenovo,ThinkPad,1249,4.2,16,512,14,2.2800000000000002,0.001825
dell,Latitude,1590.99,5,32,512,14,2.9,0.001823
dell,XPS9310-7321WHT-SUS,1229.99,4.1,16,512,13.4,2.2399999999999998,0.001821
dell,Latitude,1373.29,4,16,1024,15.6,2.5,0.00182
dell,Latitude,1428.96,5,16,512,15.6,2.5999999999999996,0.00182
alienware,17 R5,1594.95,5,32,512,17.3,2.9,0.001818
lg,16Z90R-A.ADB9U1,1896.99,4.1,32,2048,16,3.4399999999999995,0.001813
dell,XPS 9315 Laptop,992.99,3,16,512,13.4,1.8000000000000003,0.001813
msi,Summit E14Flip A12MT-016,1334.95,3.8,16,1024,14,2.42,0.001813
msi,Modern 14 B11MO-857,699,2,8,512,14,1.25,0.001788
lg,17Z90R-K.AAB8U1,1399.99,4,16,1024,17,2.5,0.001786
lg,LG gram,1782.96,4.2,16,2048,17,3.18,0.001784
lpt,Dell Inspiron,1799,5,32,1024,15.6,3.2,0.001779
dell,Latitude 5000,1377.76,5,16,256,14,2.4499999999999997,0.001778
dell,Dell XPS,1799.95,5,32,1024,15.6,3.2,0.001778
apple,MacBook Air,1068.99,4,8,256,13.3,1.9,0.001777
lg,16T90Q-K.AAG6U1,1284.93,4.2,16,512,16,2.2800000000000002,0.001774
samsung,NP641BEF-KA3US,1409.99,4,16,1024,14,2.5,0.001773
lenovo,X230,899.99,3.6,4,128,12.5,1.59,0.001767
msi,Pulse GL66 12UEK-070,1113.87,3.4,16,512,15.6,1.9600000000000002,0.00176
acer,AN16-41-R5KC,1649.99,5,16,1024,16,2.9,0.001758
asus,ASUS Chromebook CX9,1211.99,3.8,16,512,14,2.12,0.001749
acer,SF514-56T-797T,1406.88,3.9,16,1024,14,2.46,0.001749
dell,Dell Xps,999,3.8,8,128,13.3,1.7449999999999999,0.001747
lg,16Z90P-K.AAB9U1,1546.84,4.5,16,1024,16,2.7,0.001745
asus,VivoBook Pro 16X,1445.82,3.3,32,1024,16,2.52,0.001743
asus,UX390UA-DH51-GR,999,3.6,8,256,12.5,1.74,0.001742
apple,"2022 Apple MacBook Air M2, 16GB RAM, 512GB Storage - Midnight (Z160000B1)",1459.94,4.8,16,512,13.6,2.5199999999999996,0.001726
microsoft,Surface Laptop,1299,4.1,16,512,15,2.2399999999999998,0.001724
samsung,Galaxy Book Odyssey,1320.86,4.1,16,512,15.6,2.2399999999999998,0.001696
msi,Katana 15 B13VGK-1007US,1899,5,32,1024,15.6,3.2,0.001685
asus,VivoBook Pro 16,1484.99,4,16,1024,16,2.5,0.001684
lg,16Z90Q-R.AAS8U1,1612.99,4.5,16,1024,16,2.7,0.001674
corsair,VOYAGER a1600,1699.99,2.6,32,2048,16,2.84,0.001671
dell,Alienware m15 R4,1598,4.4,16,1024,15.6,2.66,0.001665
dell,XPS 13,999,3.4,8,256,13.3,1.66,0.001662
lg,16Z90RS-K.ADW8U1,1757.57,4.3,32,1024,16,2.92,0.001661
dell,Precision 5000,1385.56,5,8,256,15.6,2.3,0.00166
dell,Latitude,1328.99,1,32,2048,14,2.2,0.001655
lenovo,ThinkPad X1 Carbon Gen 11 Laptop PC,1949.99,5,32,1024,14,3.2,0.001641
dell,XPS,1599,2.8,64,512,15.6,2.6199999999999997,0.001639
dell,Latitude 5420,610.68,1,16,512,14,1,0.001638
msi,Pulse GL66,1465.8,4.5,16,512,15.6,2.4,0.001637
acer,PH16-71-74UU,1649.99,4.5,16,1024,16,2.7,0.001636
lg,14T90R-K.AAB6U1,1299.99,3.8,16,512,14,2.12,0.001631
lenovo,ThinkPad X1 Nano Gen1,1504.08,5,16,256,13,2.4499999999999997,0.001629
hp,HP Envy,1499,3.8,16,1024,13.3,2.42,0.001614
lenovo,Legion 5,2169.99,5,16,2048,15.6,3.5,0.001613
dell,Precision,1239.81,3.5,16,512,15.6,2,0.001613
lenovo,Lenovo Thinkpad,1270.77,3.6,16,512,14,2.04,0.001605
lg,14Z90RS-K.ADW9U1,1796.99,4.2,32,1024,14,2.8800000000000003,0.001603
lenovo,ThinkPad P16 Gen 1,1499,4.5,16,512,16,2.4,0.001601
msi,Pulse 15 B13VFK-1263US,1499,3,32,1024,15.6,2.4000000000000004,0.001601
apple,MacBook Pro,1457.99,4.7,16,256,13,2.33,0.001598
dell,XPS 15 9520,1576.57,4.8,16,512,15.6,2.5199999999999996,0.001598
alienware,m15 R3,1329.95,3.8,16,512,15.6,2.12,0.001594
asus,ASUS ZenBook,1143.73,3.8,8,256,13.3,1.8199999999999998,0.001591
apple,MacBook Air,1248,4.4,8,128,13,1.985,0.001591
dell,G5 15 Gaming,1699,4.5,16,1024,15.6,2.7,0.001589
lg,14T90P-K.AAG9U1,1699.99,4.5,16,1024,14,2.7,0.001588
asus,Asus ZenBook 13,1399,4.4,8,512,13.3,2.21,0.00158
lg,17Z90Q-K.AAS6U1,1396.99,4,16,512,17,2.2,0.001575
dell,Vostro 15 5000 5510,1499,4.4,16,512,15.6,2.36,0.001574
dell,F2WJ0,1557.79,5,16,256,14,2.4499999999999997,0.001573
asus,VivoBook Pro 16,1399.99,4,16,512,16,2.2,0.001571
dell,XPS 15 7590,1299.95,3.6,16,512,15.6,2.04,0.001569
razer,Blade 15,1659.68,4.2,16,1024,15.6,2.58,0.001555
lg,14T90P-K.AAB9U1,1635.99,4.1,16,1024,14,2.54,0.001553
dell,Latitude 5320 2-in-1,1273.99,3.4,16,512,13.3,1.9600000000000002,0.001538
dell,N763T,1499,5,8,256,13.3,2.3,0.001534
dell,5401,1499,5,8,256,14,2.3,0.001534
dell,Latitude 5500,1597.77,5,16,256,15.6,2.4499999999999997,0.001533
dell,Latitude 5330,1699,5,16,512,13.3,2.5999999999999996,0.00153
asus,Vivobook 16X,1699.99,3.5,32,1024,16,2.6,0.001529
toughbook,Panasonic Toughbook,1550.99,4.8,16,256,13.1,2.3699999999999997,0.001528
acer,PT14-51-78B4,1049.99,2.5,16,512,14,1.6,0.001524
hp,2K2Z1US#ABA,2499,5,64,1024,15.6,3.8000000000000003,0.001521
asus,ROG Flow Z13,1749.99,4.4,16,1024,13.4,2.66,0.00152
dell,Latitude 5000,1658.99,4.8,16,512,14,2.5199999999999996,0.001519
dell,Dell Latitude 5520 Laptop,1715.99,5,16,512,15,2.5999999999999996,0.001515
dell,Latitude 7320 Detachable 2-in-1,1568.39,5,16,128,13,2.375,0.001514
dell,Dell XPS,1099.95,3.6,8,128,13.3,1.665,0.001514
dell,Latitude 5000,1666.4,4.8,16,512,14,2.5199999999999996,0.001512
dell,M15,2699,4.2,64,2048,15.6,4.08,0.001512
dell,XPS9500,1779.95,3.7,32,1024,15.6,2.68,0.001506
dell,XPS 15 7590,1599.95,3,32,1024,15.6,2.4000000000000004,0.0015
asus,ROG Strix G16,1799.99,4.5,16,1024,16,2.7,0.0015
dell,Precision 3000,1734.21,5,16,512,15.6,2.5999999999999996,0.001499
dell,XV1P3,1472.99,4,16,512,14,2.2,0.001494
lg,LG gram,1787.62,4.4,16,1024,17,2.66,0.001488
dell,Precision 7750,1778.99,3.6,32,1024,17.3,2.64,0.001484
dell,Dell XPS 13 9300,1012.84,3,8,256,11.6,1.5,0.001481
dell,Precision 5000,1699.95,4,32,512,15.6,2.5,0.001471
dell,Alienware m15 R5 Ryzen Edition Laptop,1497.99,4,16,512,15.6,2.2,0.001469
lenovo,P15,1539.77,3.4,16,1024,15.6,2.2600000000000002,0.001468
dell,Dell Latitude,1199.95,2.9,16,512,14,1.76,0.001467
msi,Creator Z16 Fujiwara Hiroshi Limited Edition A11UE-226,1979,5,16,1024,16,2.9,0.001465
apple,MacBook Pro,1899,4.7,32,512,16.2,2.78,0.001464
dell,Dell XPS,1805.99,3.6,32,1024,15.6,2.64,0.001462
lenovo,"Lenovo Legion 5i 17""",1449.99,3.4,8,1024,17.3,2.11,0.001455
dell,Latitude 7000,1680.56,4.6,16,512,13.3,2.4399999999999995,0.001452
dell,Dell-7855-G7-512SSD,1799,5,16,512,15.6,2.5999999999999996,0.001445
msi,WF76 11UI-400,1799,5,16,512,17.3,2.5999999999999996,0.001445
dell,XPS 13 9380,1179.81,3.7,8,128,13.3,1.705,0.001445
asus,Vivobook Pro 16X,1799.99,4.2,16,1024,16,2.58,0.001433
lg,17Z90R-A.ADB9U1,2296.99,3.7,32,2048,17,3.2800000000000002,0.001428
dell,5300,1499,4.2,16,256,13.3,2.1300000000000003,0.001421
dell,Inspiron,1299,3.1,16,512,17,1.8400000000000003,0.001416
dell,Latitude,1295.03,2.3,32,512,14,1.82,0.001405
hp,Elitebook 845 G9,1999,1,64,2048,14,2.8,0.001401
asus,ASUS ZenBook Pro 16,2499,4.2,32,2048,16,3.4800000000000004,0.001393
dell,Precision 7000,1769.77,3.9,32,512,15.6,2.46,0.00139
dell,XPS7390-7954SLV-PUS,1799,4,32,512,13.4,2.5,0.00139
msi,Vector GP68HX 13VH-098US,2091.05,5,16,1024,16,2.9,0.001387
hp,HP ENVY Laptop 13-aq0005nr,1399,4.1,8,256,13.3,1.9399999999999997,0.001387
dell,XPS,1799.81,3.2,32,1024,15.6,2.4800000000000004,0.001378
alienware,Alienware m15 R7,1599,4,16,512,15.6,2.2,0.001376
lenovo,Lenovo Thinkpad,1279.99,2.9,16,512,14,1.76,0.001375
dell,Latitude 5420,1443.6,4.2,8,256,15.6,1.98,0.001372
dell,Dell XPS,1900,3.5,32,1024,15.6,2.6,0.001368
dell,i3500-7722BLK-PUS,1699,4.3,16,512,15.6,2.32,0.001366
alienware,AWm15-7806SLV-PUS,1699.95,4.3,16,512,15.6,2.32,0.001365
lenovo,ThinkPad X1,1470.77,3.5,16,512,14,2,0.00136
asus,VivoBook S15 S530,1399,4,8,256,15.6,1.9,0.001358
acer,Acer Swift,1399,4,8,256,15.6,1.9,0.001358
asus,ROG Strix Scar 15,2099.99,4.1,32,1024,15.6,2.84,0.001352
asus,ASUS ZenBook,1699,4.2,16,512,13.9,2.2800000000000002,0.001342
apple,null,1499,3.9,16,256,13.3,2.0100000000000002,0.001341
maingear,Vector pro,2000.07,3.7,32,1024,17.3,2.68,0.00134
shoxlab,M17R3,2299.95,4.7,32,1024,17.3,3.08,0.001339
lenovo,Yoga 910,1299,3.6,8,256,14,1.74,0.001339
dell,M,1962.99,3.5,32,1024,15.6,2.6,0.001325
lenovo,Lenovo Legion,2299,4.6,32,1024,15.6,3.04,0.001322
lenovo,ThinkPad P16 G1,2119,2.5,32,2048,16,2.8,0.001321
lenovo,ThinkPad X1 Carbon Gen 9,1869,5,16,256,14,2.4499999999999997,0.001311
msi,GS76 Stealth 11UE-623,1989.33,5,16,512,17.3,2.5999999999999996,0.001307
dell,Dell Precision,1998.77,5,16,512,17.3,2.5999999999999996,0.001301
dell,XPS9365-7086SLV-PUS,1299.99,3.1,16,256,13.3,1.6900000000000002,0.0013
hp,Elitebook 840 G5 Commercial Notebook PC,1699,4,16,512,14,2.2,0.001295
dell,XPS 17 9720,3399.99,5,64,2048,17,4.4,0.001294
alienware,Alienware m 17,1699.95,4,16,512,17,2.2,0.001294
msi,GF75 Thin 10SER-257,1999,4.2,16,1024,17.3,2.58,0.001291
asus,VivoBook Pro 16,1646.99,3,16,1024,16,2.1,0.001275
lenovo,ThinkPad Z16 Gen 1,1449.99,3.1,16,512,16,1.8400000000000003,0.001269
msi,GS66 Stealth 10UE-498,2599,3.7,32,2048,15.6,3.2800000000000002,0.001262
alienware,null,1649.95,3.7,16,512,13.3,2.08,0.001261
alienware,Alienware M15,1599.95,4.1,16,128,15.6,2.015,0.001259
gigabyte,A5 X1-CUS2130SB,1749,4,16,512,15.6,2.2,0.001258
dell,DELL XPS 15 9520,1689.18,2.3,32,1024,15.6,2.12,0.001255
lenovo,ThinkPad X1 Nano Gen1 Ultrabook,1379.99,2.8,16,512,14,1.72,0.001246
asus,Zenbook Pro 14 Duo,2299.99,4.1,32,1024,14.5,2.84,0.001235
acer,SF714-51T-M9H0,1518.88,3.9,8,256,14,1.8599999999999999,0.001225
jtd,Fire,2889.99,4.3,32,2048,15.6,3.5199999999999996,0.001218
gigabyte,AORUS 15X ASF-D3US754SH,2099.99,4.1,16,1024,15.6,2.54,0.00121
dell,Latitude Rugged Extreme 7330 Laptop,2031.8,5,8,512,13.3,2.4499999999999997,0.001206
hp,HP Omen,1999,4.5,16,512,15.6,2.4,0.001201
asus,UX490UA-XH74-BL,1599,3.3,16,512,14,1.9200000000000002,0.001201
hp,Spectre 14T x360,2399,4.9,16,1024,13.5,2.8600000000000003,0.001192
lenovo,Yoga,714,1,8,512,15.6,0.8500000000000001,0.00119
asus,ZenBook Pro,1499,3.7,8,256,15.6,1.78,0.001187
lenovo,ThinkPad P15s Gen 2,1349.99,1,32,1024,15.6,1.6,0.001185
gigabyte,AORUS 15P YD-73US344SH,2399,4.1,32,1024,15.6,2.84,0.001184
hp,Omen,1999,4.4,16,512,15.6,2.36,0.001181
msi,GP65 Leopard 10SDK-049,1999,4.4,16,512,15.6,2.36,0.001181
dell,XPS9300-7909SLV-PUS,1899,4.1,16,512,13.4,2.2399999999999998,0.00118
dell,Precision 5770,2475,5,32,512,17,2.9,0.001172
dell,Latitude 3000,836.16,1.7,8,256,14,0.9800000000000001,0.001172
dell,7400,1549,3.4,16,256,14,1.81,0.001168
asus,Zenbook Pro 14 Duo,2399.99,4,32,1024,14.5,2.8000000000000003,0.001167
samsung,Galaxy Book Odyssey,2388.42,4.7,16,1024,15.6,2.7800000000000002,0.001164
lenovo,80mk0010us,1399.99,3.3,8,256,13.3,1.6199999999999999,0.001157
asus,GA502IV-XS76,2299,4.4,16,1024,15.6,2.66,0.001157
hp,Spectre x360 15t 9th OLED Pro McAfee,2199,4.1,16,1024,15.6,2.54,0.001155
asus,ROG Flow Z13,2499.99,4.2,32,1024,13.4,2.8800000000000003,0.001152
asus,ASUS Rog Zephyrus,1999.99,3.5,16,1024,15.6,2.3000000000000003,0.00115
apple,MacBook Pro,2611.35,4.5,32,1024,14,3,0.001149
lg,16Z90RS-K.AAW7U1,1799,2.9,16,1024,16,2.06,0.001145
lenovo,Lenovo Legion 5,2899,3.8,64,1024,17.3,3.32,0.001145
hp,HP,1999,4.2,16,512,15.6,2.2800000000000002,0.001141
dell,XPS 13 7390,1799,4,16,256,13.3,2.0500000000000003,0.00114
dell,null,749,1,8,512,13.3,0.8500000000000001,0.001135
dell,XPS9560,1499.81,3.5,8,256,15.6,1.7,0.001133
dell,Dell XPS,1999,3.4,16,1024,15.6,2.2600000000000002,0.001131
asus,Expertbook B9,1947.99,1,32,2048,14,2.2,0.001129
dell,Latitude 5000,2312.24,5,16,512,14,2.5999999999999996,0.001124
hp,HP Spectre,1899,4.2,8,512,13.3,2.13,0.001122
dell,XPS,2860.99,3.5,64,1024,15.6,3.2,0.001118
asus,UX461UN-DS74T,1799,3.5,16,512,14,2,0.001112
hp,HP Spectre,2499,4.7,16,1024,13.3,2.7800000000000002,0.001112
lenovo,ThinkPad,1999,4.8,8,256,14,2.2199999999999998,0.001111
msi,Vector GP66 12UHSO-673,2591.48,4.2,32,1024,15.6,2.8800000000000003,0.001111
dell,AWm17-7296WHT-PUS,2395,4.4,16,1024,17.3,2.66,0.001111
dell,XPS,2179.05,3.8,16,1024,17,2.42,0.001111
lenovo,ThinkPad X1 Carbon Gen 10,2079.99,4.2,16,512,14,2.2800000000000002,0.001096
acer,PT516-52s-73YD,1849,2.8,16,1024,16,2.02,0.001092
gigabyte,AORUS 17X AZF-C5US665SP,3499.99,5,32,2048,17,3.8,0.001086
asus,ROG Strix Scar 17,2619.99,4.1,32,1024,17.3,2.84,0.001084
dell,Precision 7550,1699.95,3.1,16,512,15.6,1.8400000000000003,0.001082
hp,null,2592.06,4,32,1024,16,2.8000000000000003,0.00108
hp,Elite Dragonfly G3,2039,4,16,512,13.5,2.2,0.001079
asus,ProArt StudioBook 16,2499.99,3.7,32,1024,16,2.68,0.001072
gigabyte,AORUS 17H BXF-74US554SH,2149,3.5,16,1024,17.3,2.3000000000000003,0.00107
asus,ASUS ZenBook Pro Duo 15,2849,4.6,32,1024,15.6,3.04,0.001067
asus,ASUS ZenBook Pro Duo 15,2499.99,4.4,16,1024,15.6,2.66,0.001064
dell,Latitude,1222.99,1,16,1024,14,1.2999999999999998,0.001063
dell,Latitude Rugged 5430 Laptop,1849.99,3.4,16,512,14,1.9600000000000002,0.001059
dell,Vulcan 17,2199,4.3,16,512,17.3,2.32,0.001055
asus,ASUS VivoBook,1699,3.7,8,256,15.6,1.78,0.001048
dell,null,2699.95,4.8,32,512,14,2.82,0.001044
hp,HP Spectre,2399,4,16,1024,15.6,2.5,0.001042
dell,Precision 5550 Laptop,2500,5,16,512,15.6,2.5999999999999996,0.00104
hp,HPI-1Y5Y4UT#ABA,2799,5,32,512,15.6,2.9,0.001036
dell,Precision 5560,2499.99,4.2,16,1024,15.6,2.58,0.001032
msi,Stealth 17Studio A13VH-053US,2793.89,4.2,32,1024,17.3,2.8800000000000003,0.001031
acer,PH315-53-71QX,2299,4.4,16,512,15.6,2.36,0.001027
asus,ROG Strix SCAR 16,3349,4.1,32,2048,16,3.4399999999999995,0.001027
asus,UX533FD-DH74,1999,4,8,512,15.6,2.05,0.001026
hp,Spectre 14T x360,2199,4.1,16,512,13.5,2.2399999999999998,0.001019
dell,XPS 15 7590,1999,3.4,4,1024,15.6,2.035,0.001018
msi,null,1899,3.3,16,512,15.6,1.9200000000000002,0.001011
dell,Precision 7770,3498.77,5,64,512,17,3.5,0.001
lenovo,Lenovo ThinkBook Plus,999.99,1,16,512,13.3,1,0.001
hp,HP Pavilion Gaming 17 Laptop,2299,4.6,16,256,17.3,2.2899999999999996,0.000996
dell,63P78,1899,3.6,16,256,14,1.8900000000000001,0.000995
asus,ASUS ProArt StudioBook 16,2699,3.7,32,1024,16,2.68,0.000993
asus,GU502LV-BI7N8,2299,3.4,16,1024,15.6,2.2600000000000002,0.000983
razer,Razer Blade 14,2699.99,4.3,16,1024,14,2.62,0.00097
gigabyte,AERO 17 XE5-73US738HP,2999,3.5,16,2048,17.3,2.9000000000000004,0.000967
asus,ProArt StudioBook 17,2799,4.5,32,512,17,2.6999999999999997,0.000965
hp,Spectre,1351.42,1,16,1024,16,1.2999999999999998,0.000962
dell,DELL XPS 15 9520,1681.29,1,32,1024,15.6,1.6,0.000952
msi,Prestige 15 A10SC-011,2399,4.2,16,512,15.6,2.2800000000000002,0.00095
asus,ROG Strix Scar III G531GV,2799,4.4,16,1024,15.6,2.66,0.00095
msi,GS75 STEALTH-242,3399,5,32,1024,17.3,3.2,0.000941
asus,ZenBook Pro 15,2399,4.1,16,512,15.6,2.2399999999999998,0.000934
dell,Latitude 7320 Detachable 2-in-1,749.99,1,8,256,13,0.7000000000000001,0.000933
dell,XPS 15 7590,1999,4.1,4,256,15.6,1.8649999999999998,0.000933
dell,Dell XPS,2897,3.7,32,1024,17,2.68,0.000925
asus,ROG Strix SCAR 18,3899,4.3,32,2048,18,3.5199999999999996,0.000903
hp,16-f0013dx,2399,3.9,16,512,15.6,2.16,0.0009
lenovo,ThinkPad X1 Extreme,2299,3.6,16,512,15.6,2.04,0.000887
dell,G15 5525 Laptop,1159,1,16,512,15.6,1,0.000863
lenovo,ThinkPad X1 Carbon Gen 10,1637.24,2,16,512,14,1.4000000000000001,0.000855
dell,Precision 7000,3461.33,5,32,512,17.3,2.9,0.000838
dell,Dell Latitude,1195,1,16,512,14,1,0.000837
asus,Zephyrus Duo,3849.99,3.5,32,2048,16,3.2,0.000831
alienware,R1,2699,3.9,16,512,15.6,2.16,0.0008
dell,Latitude,1065.99,1,16,256,14,0.85,0.000797
dell,T1CFT,2799,4,16,512,15,2.2,0.000786
apple,MacBook Pro,3059,3,32,1024,16,2.4000000000000004,0.000785
lenovo,null,2699,3.8,16,512,15.6,2.12,0.000785
msi,Raider GE76 12UHS-255,3599,3.8,32,1024,17.3,2.72,0.000756
razer,Blade 16,3611.89,3.8,32,1024,16,2.72,0.000753
asus,ROG Zephyrus S GX701,3399,4,16,1024,17.3,2.5,0.000736
lenovo,ThinkPad T15g Gen 2,4119,4.5,32,1024,15.6,3,0.000728
dell,Precision,1399.95,1,16,512,15.6,1,0.000714
dell,Precision 5000,2387.94,2,32,512,15.6,1.7,0.000712
msi,CreatorPro X17 A12UKS-059,4499,5,32,1024,17.3,3.2,0.000711
lenovo,ThinkPad P16s G1,2399.99,1,32,1024,16,1.6,0.000667
msi,CREATORZ17046,5499,4.6,32,2048,17,3.6399999999999997,0.000662
dell,Y68F1,1899,2,16,256,14,1.25,0.000658
gizpro,HP EliteBook,2699,2.5,32,256,14,1.75,0.000648
acer,PT515-51-75L8,3399,3.9,16,512,15.6,2.16,0.000635
asus,ROG Zephyrus S GX531,3499.99,3.8,16,512,15.6,2.12,0.000606
apple,MacBook Pro,1657.99,1,16,512,13,1,0.000603
dell,XPS 17 9700,4999,4.1,32,1024,17,2.84,0.000568
hp,null,1930.77,1,16,512,13.3,1,0.000518
lenovo,ThinkPad P1,1999,1,16,512,15.6,1,0.0005
hp,ZBook Fury G9,3196.99,1,32,1024,16,1.6,0.0005
razer,Blade 17,5599,3.7,32,1024,17.3,2.68,0.000479
hp,ZBook Fury 15 G8,4999,1,64,1024,15.6,2.2,0.00044
